pid,tool_name,data_type,profiler_min_mem_usage,profiler_max_mem_usage,profiler_median_mem_usage,profiler_sust_avg_mem_usage,profiler_percentile_95_mem_usage,execution_time,run_number
24662,duckdb,list[tuple],228.5625,6954.171875,4375.5546875,6878.557291666667,6177.540625,15.899347124999622,1
24673,duckdb,pd.DataFrame,229.203125,6076.453125,1696.8125,5970.78125,4259.631250000002,7.729103082994698,1
24682,chdb,str - default,228.03125,6498.78125,4239.1875,6498.78125,6101.9140625,6.899380166985793,1
24686,chdb,pd.DataFrame,228.28125,4706.015625,1704.6875,4706.015625,4256.085937499997,2.249702667002566,1
24689,polars,pl.DataFrame,228.90625,4438.421875,2598.015625,4438.421875,4250.221875,0.6133284169773106,1
